id,post_id,comment_text,author,created_utc,sentiment,user_sentiment,TYPE,category,book,comment_num
ubjymo_1,ubjymo,"Keep in mind that The Last Wish is technically a collection of short stories, not a novel, so that phrase/descriptor is used to give context in each of the stories.",Lil_Thug,2022-04-25T13:58:24Z,2,2.0,COMMENT,Fantasy,The Last Wish,1
ubjymo_2,ubjymo,"Funny that you mention The Last Wish and The Witcher seires in general; one of my biggest author quirks is when they involve so many places and characters that I get lost and confused as to who is actually involved in the overall story line and who isn't. You may not have run into this problem so far, as The Last Wish isn't part of the actual Witcher series, but I ran into it a lot afterwords. I couldn't keep track of some of it, and couldn't remember who or what places were even introduced or what significance they held.",msimoneaux20,2022-04-25T15:11:56Z,2,2.0,COMMENT,Fantasy,The Last Wish,2
ubjymo_3,ubjymo,"The last wish is a short story. If you're that salty after reading a dozen or so pages, you might not like Sapkowski.",kodack10,2022-04-25T14:45:11Z,1,2.0,COMMENT,Fantasy,The Last Wish,3
ubjymo_4,ubjymo,"Maybe it is, but it can still be trite. I haven't read the Last Wish myself so I can't say one way or the other.

Even in a serial repeating the same things over and over to your reader is bad writing. Arthur Conan Doyle doesn't start off every Sherlock story by telling you Sherlock is very smart. He will *show* you Sherlock is very smart, analytical, quirky, etc. but he does it in different ways, so that the character feels real and dynamic.

If the point is to say that Yennifer cares about her appearance, or to contrast her sensitivities with Geralt, there are countless ways to do it without reminding us what perfume she uses every time she's within smelling distance.",Dragon_Fisting,2022-04-25T18:28:57Z,2,2.0,COMMENT,Fantasy,The Last Wish,4
efmacx_1,efmacx,"IMO the books have little details and pieces of dialogue that the show for some reason completely skipped over, which are the bits that actually make the books good/non-generic.


Short stories and their adaptation in the show:
'The Lesser Evil' is EP1, 'The Edge of the World' is EP2, 'The Witcher' is EP3, 'A Question of Price' is EP4 and 'The Last Wish' is EP5.


I'd love to see your thoughts on the adaptations of the above stories, once you're done with the book.",Goddamncrows,2019-12-26T00:04:56Z,2,2.0,COMMENT,Fantasy,The Last Wish,1
efmacx_2,efmacx,I finished *the Last Wish* and *Sword of Destiny* right before watching the Netflix series. I was utterly surprised yet impressed by the moral lessons in the stories. I never expected a story focusing on a mutant slaying monsters could teach me so much life lessons. I actually teared up a bit at the A Little Sacrifice story in *Sword of Destiny*.,,2019-12-26T06:09:10Z,1,1.0,COMMENT,Fantasy,The Last Wish,2
efmacx_3,efmacx,"Hey! Here's the complete reading order if you or other redditors need (it's mislabeled on some commerce sites):

* The Last Wish (Shorts)
* Sword of Destiny (Shorts)
* Blood of Elves
* Time of Contempt
* Baptism of Fire
* Tower of Swallows
* Lady of the Lake
* Season of Storms (Sidequel to the Shorts)

The books have incredibly character studies, tight dialogue, action, subversive humor, and plenty of debates on morality and philosophy. I'd highly recommend the English audiobooks narrated by Peter Kenny as well!

And if you're looking for... *something more*, we're discussing the books chapter-by-chapter starting with the short stories over at [Breakfast in Beauclair, a Witcher podcast](http://breakfastinbeauclair.com). You're welcome to read along with us! Welcome to the hanza.",goodmorhen,2019-12-26T21:25:02Z,1,1.0,COMMENT,Fantasy,The Last Wish,3
efmacx_4,efmacx,"I wasn't that into the Last Wish, but I'm reading the second book in the series now and enjoying it a good bit more",jurassicbond,2019-12-26T01:56:37Z,0,0.0,COMMENT,Fantasy,The Last Wish,4
dxrj19_1,dxrj19,"I just started The Time of Contempt. I love the series so far, just make sure you read them in order! Geralt makes for a great perspective to read. Just lent a friend The Last Wish and he's enjoying it too. ðŸ‘",D_i_a,2019-11-18T00:44:26Z,1,1.0,COMMENT,Fantasy,The Last Wish,1
dxrj19_2,dxrj19,Just to double check it is: The Last Wish --> The Sword of Destiny --> The Witcher Saga (5 books).,leowr,2019-11-18T07:55:36Z,2,2.0,COMMENT,Fantasy,The Last Wish,2
g2sfg0_1,g2sfg0,"Personally The Last Wish was my second favourite Witcher book. But I agree that one of the big weaknesses in the book were the portrayal of women...it's worse than the norm for 90s books imo. Largely the women are all carbon copies of one another with very little personality beyond coming off as extremely immature, constantly having temper tantrums and turning their noses up in the air (like Sapkowski's version of braid tugging imo). Only one that seemed to somewhat break that mould was Milva (you won't see her until Blood of Elves). 

Anyway personally I never had any issue with the prose. Actually quite liked the style of it. Can't say I ever found it confusing. But have heard people complain about prose before, some putting it down to translation (English translator changed afterwards).",D3athRider,2020-04-17T04:53:33Z,0,2.0,COMMENT,Fantasy,The Last Wish,1
sga05w_1,sga05w,"I read the books in german, since i heard that the english translations are not supposed to be very good. So i don't know if my opinion will be of much use to you. Never the less, i would say, that the books get better once you start the pentalogy, starting with the blood of the elves. These books tell a continuous story, while the last wish was just a reacount of short stories (if i remember correctly) which i also didn't find very immersive. 
There is also a prequel called ""zeit des sturms"" in german (time of the storm). This was my favourite of the books, but i couldn't find a english version of it online so i don't know if it has been translated yet.",ThomasTheTankAndGin,2022-01-30T14:37:49Z,2,2.0,COMMENT,Fantasy,The Last Wish,1
sga05w_2,sga05w,Thanks everyone for your feedback! Iâ€™ll finish The Last Wish and might bump the other books in the series lower down by TBR pile.,Expensive-Noise777,2022-01-30T23:07:01Z,1,2.0,COMMENT,Fantasy,The Last Wish,2
sga05w_3,sga05w,Something in the last wish definitely seems a bit off in just the way the characters speak and the way they phrase things. It either got better in the subsequent books or I got used to it because I stopped noticing it,,2022-01-31T04:07:22Z,3,2.0,COMMENT,Fantasy,The Last Wish,3
16bmd8r_1,16bmd8r,"The Last Wish and Sword of Destiny are short story collections, so there isn't really a 'start to finish' plot, maybe that's where your issue lies. There are links between the stories, and you get growing insight into Geralt's character but if you're expecting novel vibes you will be disappointed, as that's not what they are. Take each story on its own merits and you might enjoy it more. The novels are on my TBR so I can't speak on them, but I really enjoyed the two collections, and will definitely be reading them soon.",Pineapple_onthefloor,2023-09-06T15:12:55Z,1,2.0,COMMENT,Fantasy,The Last Wish,1
16bmd8r_2,16bmd8r,"While I can't speak for the original Polish versions, what I can say is that the primary English translations are absolute dogshit and read like overly-wordy adolescent smut. I could barely make it through the first few chapters of The Last Wish before thoroughly regretting buying it.",JR_Hopper,2023-09-06T18:34:49Z,3,2.0,COMMENT,Fantasy,The Last Wish,2
16bmd8r_3,16bmd8r,"Iâ€™m trying to get through The Last Wish as Iâ€™m writing this, and Iâ€™m so glad you posted. I thought it was me but donâ€™t usually feel this disconnected to books.",blushandfloss,2023-09-06T17:51:18Z,2,2.0,COMMENT,Fantasy,The Last Wish,3
16bmd8r_4,16bmd8r,"Read em all. Pretty decent, but the best is still by and far The Last Wish.",iZealot86,2023-09-06T17:03:16Z,1,1.0,COMMENT,Fantasy,The Last Wish,4
16bmd8r_5,16bmd8r,"I have to say i'm a massive fan of the games (yes i even played the first one when it came out) and i love the world and characters. I got through The Last Wish, but i started Blood of Elves twice and both times gave up.

I don't know if its the translation or what, but i just find it really bland and dull.",Shnuksy,2023-09-06T17:19:14Z,0,0.0,COMMENT,Fantasy,The Last Wish,5
16bmd8r_6,16bmd8r,"I absolutely loved the first two books, lost interest halfway through book four. Felt like the world building was a bit forced and that it was moving a little slowly. The Last Wish and SoD are excellent in my opinion but not really like the subsequent books so maybe you'll like those more.",nagelbitarn,2023-09-06T17:32:54Z,2,1.0,COMMENT,Fantasy,The Last Wish,6
16bmd8r_7,16bmd8r,"If you dont like it, you dont have to read it for sure. Life is short so itâ€™s better to spend time on other things. I personally would not enjoy doing 2 books and feeling like it wasnâ€™t that goodâ€¦id put the brakes for sure.

To add: this is coming from someone huge into the witcher via the games and the show. Started the last wish 2 days ago and itâ€™s hard to put down already.",Cdog536,2023-09-06T18:07:24Z,1,,COMMENT,Fantasy,The Last Wish,7
16bmd8r_8,16bmd8r,"I liked the Last Wish and Sword of Destiny but wasn't hooked hooked until the end of SoD which blew me away. Really enjoyed the novel series following too, but it's not for everyone.",WhichEmailWasIt,2023-09-06T18:17:24Z,1,,COMMENT,Fantasy,The Last Wish,8
16bmd8r_9,16bmd8r,I loved the witcher games but couldn't even make it halfway through The Last Wish. It's hard to know with the translation but I felt the writting was pretty bad.,Tharen101,2023-09-06T18:42:55Z,0,,COMMENT,Fantasy,The Last Wish,9
16bmd8r_10,16bmd8r,"Not every book is for everyone no matter how popular something is.

But The Last Wish and Sword of Destiny is also a collection of stories rather than the main bulk of the story so they aren't really the most representative books of the series either.",Falsus,2023-09-06T18:43:59Z,3,,COMMENT,Fantasy,The Last Wish,10
16bmd8r_11,16bmd8r,"OK, just my two cents.

I'm Polish and I've read it as it was published.
Years later I picked up an English version of The Last Wish. I was curious how good was the translation. It's fine but it looses something in translation - maybe a bit of literary style or turn of the phrase. For me original was a joy to read while English version was quite dull. 

It works both ways. For example, Polish translations of Terry Pratchett's books are never as good as the English original.

The best analogy I can think of is a difference between an oli painting of the landscape and a perfect photo of exactly the same landscape. An oil painting is somehow nicer than a photo.",Felis1977,2023-09-06T18:55:04Z,2,,COMMENT,Fantasy,The Last Wish,11
16bmd8r_12,16bmd8r,"I personally enjoyed The Last Wish and Sword of Destiny the most *exactly* because they are collections of short stories, with each one having its own flavor. However, if you're more into the novel-kind of books, the rest of them will probably click with you.",lazyvorst,2023-09-06T19:32:49Z,1,,COMMENT,Fantasy,The Last Wish,12
16bmd8r_13,16bmd8r,"The Last Wish was the best of the series. I really enjoyed it. After that, every book I read in the series captured my attention less. The longer it went on, the worse it got. Donâ€™t get me wrong, I still liked many things. For example, I loved how Geralt isnâ€™t your classic male action hero (who generally speaking are literal sociopaths). He feels fear, doesnâ€™t expect to win every fight, actually prefers to avoid fights if possible, etc. But yeah, overall, the first book was the best.",Time_to_go_viking,2023-09-06T21:21:02Z,3,,COMMENT,Fantasy,The Last Wish,13
16bmd8r_14,16bmd8r,"Tbh, after watching 2.5 seasons and reading the last wish, I like the show better. Iâ€™ve obviously got a lot more reading to do, but I thought the first â€œbookâ€ was meh, but the first season was excellent.",rhandy_mas,2023-09-06T22:33:09Z,3,,COMMENT,Fantasy,The Last Wish,14
16bmd8r_15,16bmd8r,"Iâ€™ve read all the mainline books and the last wish and sword of destiny. 

Honestly I think the books benefit a lot from the games success. Theyâ€™re good but not essential reading. 

The lore is decent. I like the world. The story/pacing loses momentum quite often. Frustratingly so. The last two books of the main saga took me a year to get through off and on. 

For me itâ€™s a 6/10. Donâ€™t recommend unless you are already interested in lore. Thereâ€™s some gold in there but lots of slog.",Odh_utexas,2023-09-06T23:56:56Z,3,,COMMENT,Fantasy,The Last Wish,15
16bmd8r_16,16bmd8r,"That's too bad. The first two books are quite possibly the best in the series. I suppose you may not be into it if you don't already like Geralt. Maybe play the witcher 3 and then go back to the books, lol. That being said, I love the witcher, but everything past the last wish and sword of destiny is downhill",Soulfulkira,2023-09-07T02:48:44Z,2,,COMMENT,Fantasy,The Last Wish,16
16bmd8r_17,16bmd8r,"I am currently reading the 2nd short story collection and am actually quite enjoying it. Think I finally got into the writing style. 
But I must say that before I had read the first books 5 as ebooks and that really didnâ€™t work, I barely remember any of it. There the novels were in English but the short stories were the Dutch version. And I seem to remember that it was a. Omnibus in which the translation of dandelion changed between the last wish and sword of destiny, though it was both the same file",cleo7717,2023-09-07T07:07:25Z,3,,COMMENT,Fantasy,The Last Wish,17
16bmd8r_18,16bmd8r,"The last wish is about as good as it gets. The rest I found to be mediocre, though I hear a lot gets lost in translation and they're very well regarded in the polish literary tradition.",CorpseJr,2023-09-07T14:45:23Z,0,,COMMENT,Fantasy,The Last Wish,18
16bmd8r_19,16bmd8r,Did you read Season of Storms? It's another standalone book that was released after the main series ended. I think that one is just about Geralt and is a sort of prequel to the Last Wish,ColinHalter,2023-09-06T19:56:37Z,3,,COMMENT,Fantasy,The Last Wish,19
16bmd8r_20,16bmd8r,The Last Wish and Sword of Destiny are collections of short stories. They're not meant to have continuity; treat them as character introductions and worldbuilding. The saga starts with Blood of Elves.,seaworthy-sieve,2023-09-07T00:45:44Z,2,,COMMENT,Fantasy,The Last Wish,20
q1c6mq_1,q1c6mq,Which one did you start with? There's commonly a bit of confusion about the proper order to read them in (The Last Wish first ->). I've seen many people start with the first book that is not a collection of short stories (Blood of Elves) and that is definitely a mistake because it is the worst stand-alone book in the series especially if you haven't read the previous books.,Juuberi,2021-10-04T20:37:24Z,2,,COMMENT,Fantasy,The Last Wish,1
q1c6mq_2,q1c6mq,"I enjoyed it. I also enjoyed the books. 

My big gripe about the show is not keeping in some scenes that really give people a clue about Geralt in general. The scenes they left out when hunting the Dragon, for instance, would have provided some comedy (the dwarves), the lethality of monster hunting (Sir Ike fighting the dragon), and Geralt's code of ethics (refusing to kill it because its sentient) without bogging things down in the stupid love triangle of dumbassery that the writers want to push. 

The most interesting thing about Geralt of Rivia isn't that he's banging Yennifer. 

They did treat the Last Wish correctly, though. It's only hinted at as to what the wish was.",Jezerey,2021-10-04T23:53:33Z,2,,COMMENT,Fantasy,The Last Wish,2
ez8e54_1,ez8e54,This is basically me right now. Getting Kindle on my tablet changed my life. I'm currently reading The Last Wish as well. And I read through every single FNAF book released because my partner got me into that. :D,,2020-02-06T01:33:56Z,2,,COMMENT,Fantasy,The Last Wish,1
ez8e54_2,ez8e54,"I just got my copy of The Last Wish in the mail today, always weird seeing near symmetrical instances or relativity or whatever happen. 

Neat, I too, am kind of fizzled out on some stale media, based off my interests of course, and even digging up a video game I didn't play much when purchased(The Witcher 3), it's nice to get away from a screen, despite enjoying the stories.",reallybadjazz,2020-02-05T17:48:57Z,1,,COMMENT,Fantasy,The Last Wish,2
ez8e54_3,ez8e54,Great starts. Just listened to the last wish. Annihilation is incredible. If you liked it I highly recommend vandermeers book Borne. I'd even say it's better than the southern reach trilogy.,Lonesloan222,2020-02-05T22:15:40Z,1,,COMMENT,Fantasy,The Last Wish,3
ez8e54_4,ez8e54,"Wow this sounds exactly like me, exact same situation (although for me it was health problems, not depression). I just started reading again very recently and finished Guards! Guards! and am now in the middle of The Way of Kings. You sound like you're a much faster reader than me though, I'm so slow; even a short book like Guards Guards took me forever... I'm glad you're enjoying reading! What did you think of The Last Wish? I was planning to read The Witcher series but I hated the TV show so much that it put me off. Are the books any better?",,2020-02-05T22:55:42Z,2,,COMMENT,Fantasy,The Last Wish,4
ez8e54_5,ez8e54,"The Last Wish is fantastic. I really really enjoyed it. Even as someone who played the games (1, 2 and 3) long before reading.",Insomniaccake,2020-02-05T22:19:13Z,1,,COMMENT,Fantasy,The Last Wish,5
75x6j1_1,75x6j1,"The Last Wish and Sword of Destiny are two collections of short stories. They are easily the best since both Sapkowski and the concept of the Witcher universe works best in that setting and short form. Witcher was conceived as a episodic format of stories published in fantasy magazines and then it was pulled together in Sword of Destiny with an overarching narrative in the form of an intertwined story.

Then it became huge in Poland which at the time was breaking out of communist bloc and had barely any western fantasy (except Tolkien, LeGuin and a few others) and the published wanted more so Sapkowski decided to write a saga.

The saga has 5 volumes plus the 6th rip-off after the games revived the character but it not nearly as good. Kind of  a slog and by the last two books you can get bored. Unless you like it.

But all the things which make is really smart and interesting in the stories are mostly gone.",kmar81,2017-10-12T17:53:13Z,1,,COMMENT,Fantasy,The Last Wish,1
75x6j1_2,75x6j1,"I originally got into the books after playing the first game. Started with the last wish and was hooked. Moved on to The Blood of Elves but I had to wait a long time for Time of Contempt (think it was 5 years). Finished the saga and sword of destiny and it remains one of my favourite series (as are the games).

From what I've heard, Polish speakers say the original versions are much better than the English due to how the author's style and mannerisms do not translate all that well into English. I suppose if you don't already speak Polish, you're not going to notice it. 

Out of the saga, I think Time of contempt is my favourite but overall I enjoyed the Last Wish the most (best chapter maybe being the lesser evil... It's been a long time since I read it). ",Brain_My_Damage,2017-10-12T20:46:08Z,1,,COMMENT,Fantasy,The Last Wish,2
75x6j1_3,75x6j1,"I am on the the last chapter ""The Last Wish"", gonna buy Sword of Destiny next. :) <3 My favorite chapter is when he was promised the daughter/son that he will train to be a witcher. I think that is Ciri.",aysayaa,2017-10-12T17:17:05Z,1,,COMMENT,Fantasy,The Last Wish,3
75x6j1_4,75x6j1,"Great choice! Amazing series.

And Im not sure I have a favourite book in the series. I love them all equally. And I wont spoil stories in The Last Wish so IÂ´ll skip that question ;)",TheLast_Centurion,2017-10-12T20:15:46Z,1,,COMMENT,Fantasy,The Last Wish,4
75x6j1_5,75x6j1,My favourite story was A Little Sacrifice. I'm not sure if it is from The Last Wish or Sword of Destiny.,hajsenberg,2017-10-13T08:11:08Z,0,,COMMENT,Fantasy,The Last Wish,5
75x6j1_6,75x6j1,"I just read the whole Witcher series in August.  I liked The Last Wish and The Sword of Destiny well enough.  I didn't think they were great, but they were good.  Then I got to Blood of Elves.  I hated BoE.  It just felt like a whole book of setup for very little payoff.  There wasn't even that much worldbuilding, but I did play the games first so maybe there I didn't recognize the worldbuilding for what it was since I knew that information.

After that it got a lot better, I really liked The Lady of the Lake and Tower of Swallows.  The characters grew on me, even if they were infuriating most of the time.

Though most of them did have the tendency to go off on pages of rambling philosophical discussion, which is where I think the writing was the weakest.",Mostly_Books,2017-10-13T09:24:18Z,1,,COMMENT,Fantasy,The Last Wish,6
75x6j1_7,75x6j1,"I've been wanting to read these books and couldn't figure out the best order. Any chance you know of or could recommend a list that has them in the proper or best order?

*Edit
Was thinking of reading them in the order based on this list. 
The Last Wish
Sword of Destiny
Blood of Elves
Time of Contempt
Baptism of Fire
The Tower of Swallows
Lady of the Lake",_Sweet__Dee_,2017-10-12T15:07:33Z,2,,COMMENT,Fantasy,The Last Wish,7
4r7hns_1,4r7hns,Why don't you continue with The Witcher books? The next one in order is similiar to The Last Wish in the sense that it is a collection of short stories and the other five books are novels and are connected.,TheLion17,2016-07-05T05:46:31Z,2,,COMMENT,Fantasy,The Last Wish,1
2413rd_1,2413rd,"The Last Wish,
Sword of Destiny,
Blood of Elves,
Times of Contempt,
Baptism of Fire,
The Tower of the Swallow,
The Lady of the Lake.",Bonia,2014-04-26T15:50:17Z,2,,COMMENT,Fantasy,The Last Wish,1
2413rd_2,2413rd,"I think he wrote prequel last year - Season of Storms 
http://mediarivermagazine.pl/sezon-burz-wiedzmin-andrzej-sapkowski/

Season of Storms, The Last Wish, Sword of Destiny, Blood of Elves, Times of Contempt, Baptism of Fire, The Tower of the Swallow, The Lady of the Lake.",,2014-04-27T23:19:31Z,3,,COMMENT,Fantasy,The Last Wish,2
jaoqtb_1,jaoqtb,"Iâ€™m working my way though the series. Iâ€™ve read The Last Wish, Sword of Destiny, Blood of Elves, and Season of Storms. Iâ€™ve just started Time of Contempt too haha. Iâ€™m following the order recommended in a pcgamer article published over the summer.

I ended up switching to the audiobooks because of all the dialogue and world-building. Reading the books was bad per se but they can really can drag on. Seasons of Storms has been a low point in the series for me. The Last Wish was awesome.

I will say that playing the video games and watching the Netflix series prior to reading the books has probably lowered my expectations of the books. Iâ€™m quite invested in the Witcher world at this point and the books are supplementing my previous exposure to all the characters, places, and events. If I had been been introduced to the series via the books, Iâ€™m not entire sure that Iâ€™d be reading them as eagerly as I am now. Youâ€™re absolutely right in that some parts of the books are simply exhausting and feel unproductive.",send4ash,2020-10-13T23:51:25Z,1,,COMMENT,Fantasy,The Last Wish,1
ee9rja_1,ee9rja,"It's the show writer's dialogue and jokes (the former ranging from passable to really bad, the latter quite terrible), the games' visuals (I wouldn't be surprised if the infamous penis armor was actually a sort of precaution against a potential legal action by CD Projekt), and fleeting traces of Sapkowski's story, unnecessarily altered, truncated or expanded on to the best of the show writer's abilities/agenda.

As for your question regarding the books the show's based on, it's the first two (The Last Wish and The Sword of Destiny), although far from everything in them has been used so far. Left as material for subsequent seasons perhaps.",vindicivuoto,2019-12-22T20:43:44Z,0,,COMMENT,Fantasy,The Last Wish,1
ee9rja_2,ee9rja,"The Last Wish is the first book, and the show is based on it and Sword of Destiny.  Blood of Elves is the first full novel.",Riconn,2019-12-24T15:22:26Z,3,,COMMENT,Fantasy,The Last Wish,2
3ki7p1_1,3ki7p1,"As a native speaker of the original language I had the chance to read the books as they were being published in the early 90s.  While the saga is a standalone story the writer assumed that most of the people who bought it were already familiar with the stories as they were the second biggest thing in Poland after Tolkien where fantasy was concerned.   So the truth is many details, flavours and other small things might escape you if you didn't read the stories because Sapkowski was writing it largely on his own without much help from the publisher as the modern popular markets in Poland were only starting at the time. So there was no ""last time on the Witcher"" put into the saga - very few explanations and many characters or events are given on the go. They don't prevent you from enjoying the series even if you might feel a bit confused but if you read the books chronologically then you get a much better picture. There are two books ""The Sword of Destiny"" and ""The Last Wish"" (published 1992 and 1993 but the The Last Wish tells earlier stories narration-wise ) and I do recommend that you read them before starting the series.   Many things might get lost in the translation if its not up to par but you'll still be better prepared.

But then again some people like to explore the world, some don't.. take your pick.

EDIT: Oh and the series has many hidden political and social undertones. Most of them should be clear for a westerner but the saga is set in a world that makes some nods towards Polish history in XX century. I recommend you read a quick overview of what happened and then you might pick up interesting or funny details. 
The games were a bit too overt with some things but they are a different medium. And for fans of the books it was actually pretty funny to see those things realized.",pharmaceus,2015-09-11T08:28:17Z,1,,COMMENT,Fantasy,The Last Wish,1
3ki7p1_2,3ki7p1,"Having just finished reading the series in English, I can tell you that you should not skip ANY of the books. There are two books before Blood of Elves: The Last Wish, and the Sword of Destiny. Both are semi-connected short story collections which set up the events for books 3-7, which are one long story. You should read both of them, since they are the best books in the series. You don't need to read them chronologically, but you really should, since you will miss out on a lot of funny moments, character introductions, and the main ""a-ha"" twist at the end of the entire series if you skip the short stories. Just read them.

Recommended reading order:

1. The Last Wish
2. Sword of Destiny
3. Blood of Elves
4. Time of Contempt
5. Baptism of Fire
6. Tower of the Swallow (fan translation only)
7. Lady of the Lake (fan translation only)

The fan translations read exactly like the official English releases, minus some spelling/grammar errors (more in book 7 than book 6), and can be found over at /r/thewitcher. ",theadamvine,2015-09-11T09:57:45Z,1,,COMMENT,Fantasy,The Last Wish,2
3ki7p1_3,3ki7p1,"No, go ahead with BoE. IIRC, there's just one short story from The Last Wish set in Cintra explaining Ciri's mother's history which you can probably read online. The rest of the short stories in the book are deconstructions of popular fairy tales. 

Happy reading, you're in for a helluva good time with the Witcher series.",Magodo,2015-09-11T06:23:36Z,1,,COMMENT,Fantasy,The Last Wish,3
3ki7p1_4,3ki7p1,The Last Wish is just a collection of short stories that have Geralt as the main character. I started with Blood of Elves and just recently read The Last Wish and I don't think you'll miss anything.,,2015-09-11T06:24:24Z,1,,COMMENT,Fantasy,The Last Wish,4
3ki7p1_5,3ki7p1,"I forgot to read the Sword of Destiny until I read every other book in the series and played all the games. You might pull your hair out with frustration to do it in that order. Pretty rare for me to lose sleep over a book out of frustration but reading this book last did it for me. That said, I might even read it in that order if I had to do it all over again TBH. 

The Last Wish isn't so bad to read out of order.",toofine,2015-09-11T09:03:26Z,2,,COMMENT,Fantasy,The Last Wish,5
3ki7p1_6,3ki7p1,"The last wish is to the Witcher series what the Hobbit is to Lord of the Rings.

Quite a few characters carry through, and it marks the first appearances of many characters from the games and books, but all in all there is no need to have read it.

That said, I really, really liked the short stories. It is WELL worth the read, but you can get to it anytime. I found it easier to digest than the denser story of BoE.",,2015-09-11T15:24:31Z,2,,COMMENT,Fantasy,The Last Wish,6
3ki7p1_7,3ki7p1,"I'm planning on reading them in the order they were released in English. So first the last wish. And the then boe and the rest. Until I finish the third book in the ""saga"" then imma read sword of destiny. ",Onurubu,2015-09-11T15:39:22Z,3,,COMMENT,Fantasy,The Last Wish,7
3ki7p1_8,3ki7p1,Because I read on another site that the last wish has a lot of characters introduced and character development that you will miss out on of you just skip to blood of elves. ,Onurubu,2015-09-11T07:51:31Z,2,,COMMENT,Fantasy,The Last Wish,8
3ki7p1_9,3ki7p1,"Was there any reason they were relased in this order in English?

People here give good advice to read them chronologically, which means: The Last Wish, Sword of Destiny, and then the main Saga.

However it's not a major issue if you read Sword of Destiny later, whatever will be most fun for you.",BruceWayneShepard,2015-09-16T14:34:09Z,2,,COMMENT,Fantasy,The Last Wish,9
3ki7p1_10,3ki7p1,"Right, but since you already know Dandelion, Zoltan, Triss, Sabrina from the games, you're set for the books. The Last Wish is still worth reading. But if you're in a hurry, you can start BoE.",Magodo,2015-09-11T08:44:10Z,2,,COMMENT,Fantasy,The Last Wish,10
3ki7p1_11,3ki7p1,The main reason is. I'll have to wait even more for the serif of destiny if I finish the last wish too quickly. ,Onurubu,2015-09-16T15:58:59Z,2,,COMMENT,Fantasy,The Last Wish,11
ewap1n_1,ewap1n,"I really liked The Last Wish, but it does have a different feel to the writing - maybe because it's been translated or because it's a series of short stories spliced together into a novel. There's more distance between reader and Geralt, but I think that's on purpose because he's supposed to be that kind of character - sort of mysterious and cold on the outside and it doesn't get too deep into his feelings. As the series goes on, you get to know him better.",serralinda73,2020-01-30T20:00:11Z,1,,COMMENT,Fantasy,The Last Wish,1
leg6c2_1,leg6c2,"Sadly I've yet to come across anything that captures the vibe of The Last Wish in the way that I'd like. I've found its vibe to be unfortunately kind of unique. After Sword of Destiny even the Witcher series changes a fair bit (morphs into epic fantasy). One thought is that you might want to try some old school sword & sorcery like Elric of Melbinone, Conan etc. Part of me also wonders if you'd be into something like The Curse of Chalion by Lois McMaster Bujold. It's not a very long book, is single pov involving curses/demons in a medieval setting, although not s&s or about a monster hunter. 

As far as the Witcher series itself, for me it was a mixed bag. I loved The Last Wish and Baptism of Fire because they were the most Geralt heavy. I loved Geralt as a character and wished more of the series had actually focused on him. Most of the other books were 3.5-4 star vicinity for me, although I wasn't a fan of the last book Lady of the Lake.",D3athRider,2021-02-07T06:02:01Z,1,,COMMENT,Fantasy,The Last Wish,1
leg6c2_2,leg6c2,">Sadly I've yet to come across anything that captures the vibe of The Last Wish in the way that I'd like. I've found its vibe to be unfortunately kind of unique. After Sword of Destiny even the Witcher series changes a fair bit (morphs into epic fantasy).

Man, so true! Because of that change of style I abandoned Witcher series in the middle of the third book.",Val_Sorry,2021-02-07T13:36:51Z,2,,COMMENT,Fantasy,The Last Wish,2
ejxbbo_1,ejxbbo,"I just started The Last Wish two days ago and Iâ€™m in love! Not at first though... the narrator (on audible drove me nuts but I ended up liking him about 2 hrs into it. And, I was seriously confused at how it was arranged, but I saw an interview with the book author and the tv show runner where the author talked about how no one would buy the story so he made several short stories and the found a way to combine it all. 

So thereâ€™s 1 book (The Voice of Reason chapters) and several short stories bracketing them. You can almost think of them as flashbacks bc theyâ€™re all different events which lead Geralt to where he is. Now, I think itâ€™s a fascinating way to give you just enough of the world and the characters to want to know more, but not so much youâ€™re thinking yea yea yea ... skiiiip. 

Itâ€™s also the first book in the omniscient viewpoint Iâ€™ve both read and liked in a while. I think weâ€™re all so used to 3rd person and 1st person these days that it can throw some for a loop.",IneptSage,2020-01-04T19:07:34Z,1,,COMMENT,Fantasy,The Last Wish,1
ejxbbo_2,ejxbbo,"I've been wanting to give the books another shot. I read about half of The Last Wish. It felt disjointed. I didn't know going into it that it would be short stories. I've never been a fantasy reader and the lack of a centralized story threw me off. After watching the show, I want to give the books another chance",ShastaMcLurky,2020-01-04T16:46:00Z,1,,COMMENT,Fantasy,The Last Wish,2
2cixdl_1,2cixdl,"Ah, thanks for the reply, The Last Wish was amazing and I'm glad the games led me to the book. So, what is the order that the saga goes in? I know blood of elves is next.",Shlocky,2014-08-04T07:59:45Z,1,,COMMENT,Fantasy,The Last Wish,1
1gka9l_1,1gka9l,"1. The Last Wish (Officially Translated)
2. The Sword of Destiny (Fan Translated)
3. Blood of Elves (Officially Translated)
4. The Time of Contempt (Officially Translated Soon to be Released)
5. Baptism of Fire (Fan Translated)
6. The Tower of the Swallow (Fan Translated)
7. The Lady of the Lake (Fan Translated)

Here are the fan translations: http://en.thewitcher.com/forum/index.php?/topic/20967-our-community-fan-translations

It's a shame that Sword of Destiny wasn't officially translated and released in English because it introduces some important characters. The fan translation is pretty good though.",i_am_only_an_egg,2013-06-25T01:07:22Z,2,,COMMENT,Fantasy,The Last Wish,1
1gka9l_2,1gka9l,"I would highly recommend the two short story collections. I'm only just starting Blood of Elves myself, but a lot of the big characters (Dandilion, Ciri, Yennefer, etc) are introduced and fleshed out in the short stories so you're missing out on a lot of back story.

The Last Wish is consistently awesome throughout but I found the last two stories in The Sword of Destiny to be much better and more important than the four that preceded it.",i_am_only_an_egg,2013-06-28T04:56:32Z,1,,COMMENT,Fantasy,The Last Wish,2
2ukvih_1,2ukvih,"They're really really really really not video game related. The first game came later, by at least 10 years. The game series has 'flavoured' the marketing of the earlier books (and the US releases), but it hasn't had much of an effect except arguably be the catalyst for the UK releases (The Last Wish released roughly alongside The Witcher 1).

The translations aren't perfect, they're certainly not on the level of, say, a Murakami novel, but they're pretty readable. I haven't yet read the most recent translation (Baptism of Fire) through to completion, but it's pretty typical of the series. 

It's worth noting that the actual second book, Sword of Destiny, is due for release (at least in the UK) in May, with the rest of the series (except the latest book, the translation of which is yet to be confirmed IIRC) to follow in time. It was skipped for some reason but one or two of the stories are important as they lead into the novel series.

Oh, I didn't explain. The Witcher series is two anthologies and then a series of books. The Last Wish and Sword of Destiny come first, and they're collections of shorter works, and then the series starts properly with Blood of Elves.",,2015-02-03T08:56:40Z,2,,COMMENT,Fantasy,The Last Wish,1
